"Checklist ID","Màn hình","IA","Phân loại","Thành phần","Mục kiểm tra","Đặc tả / Nguồn","Kết quả mong đợi","Nguồn gốc","Trạng thái","Kết quả thực tế","Ghi chú","Bằng chứng"
"GUI-FORGOT-IA01-01","Quên Mật Khẩu","IA-01","Hiển thị","Tiêu đề trang","Trang có đúng một thẻ <h1> mô tả nội dung trang","FR-21","Có đúng một thẻ <h1> trong DOM với nội dung liên quan đến ""Quên Mật Khẩu""","AI","Fail","DOM hiển thị 0 thẻ <h1> và 1 thẻ <h2> (""Quên Mật Khẩu"")","Trang Quên Mật Khẩu sử dụng thẻ <h2> thay vì <h1> tiêu đề chính","[Bằng chứng](Evidences/GUI-FORGOT-IA01-01.png)"
"GUI-FORGOT-IA01-02","Quên Mật Khẩu","IA-01","Hiển thị","Ngôn ngữ giao diện","Tất cả nhãn, nút, và thông báo hiển thị bằng tiếng Việt","FR-21","Không có văn bản tiếng Anh bất thường trong nhãn hoặc thông báo (trừ thuật ngữ kỹ thuật chuẩn)","AI","Pass","Tất cả nhãn và nút hiển thị bằng tiếng Việt chuẩn","",""
"GUI-FORGOT-IA01-03","Quên Mật Khẩu","IA-01","Hiển thị","Nút gửi (Bước 1)","Nút ""Lấy mã OTP"" sử dụng màu xanh dương cho hành động tích cực","FR-21","Nền nút có màu xanh dương (không phải xanh lá, xám, hoặc màu khác)","AI","Pass","Nút ""Lấy mã OTP"" có màu nền xanh dương (rgb(37, 99, 235))","",""
"GUI-FORGOT-IA01-04","Quên Mật Khẩu","IA-01","Hiển thị","Thứ tự Tab","Phím Tab di chuyển focus từ trên xuống: ô email → nút gửi (Bước 1); ô OTP → ô mật khẩu → nút gửi → nút quay lại (Bước 2)","FR-21","Focus di chuyển theo thứ tự trên-xuống-dưới, trái-sang-phải, không bị nhảy cóc","AI","Pass","Thứ tự Tab chuyển focus từ ô email trực tiếp sang nút submit","",""
"GUI-FORGOT-IA01-05","Quên Mật Khẩu","IA-01","Bố cục","Vùng chứa trang","Không xuất hiện thanh cuộn ngang ở kích thước 1536×864","FR-21","Nội dung trang vừa vặn trong khung nhìn, không bị tràn ngang","AI","Pass","Nội dung vừa vặn khung nhìn 1536×864, không có thanh cuộn ngang","",""
"GUI-FORGOT-IA01-06","Quên Mật Khẩu","IA-01","Trợ năng","Viền focus","Tất cả phần tử tương tác (ô nhập, nút) hiển thị viền focus rõ ràng khi được focus bằng phím Tab","WCAG focus-visible, FR-21","Có viền hoặc đường bao rõ ràng quanh phần tử đang được focus","AI","Pass","Phần tử hiển thị viền focus rõ ràng khi nhận focus bàn phím","",""
"GUI-FORGOT-IA01-07","Quên Mật Khẩu","IA-01","Trợ năng","Tương phản chữ","Chữ nội dung và nhãn có đủ độ tương phản với nền trắng của thẻ","WCAG 4.5:1, FR-21","Tất cả văn bản đạt tỷ lệ tương phản 4.5:1 (gray-700 trên nền trắng chấp nhận được)","AI","Pass","Chữ gray-700 trên nền trắng đạt tỷ lệ tương phản ~10.7:1 (vượt WCAG 4.5:1)","",""
"GUI-FORGOT-IA02-01","Quên Mật Khẩu","IA-02","Biểu mẫu","Ô nhập email","Trường email sử dụng type=""email"" để kích hoạt xác thực HTML5","FR-22, FR-02","Kiểm tra phần tử input hiển thị type=""email""","AI","Fail","Trường email sử dụng type=""text""","Ô nhập email dùng type=""text"" nên không kích hoạt xác thực định dạng email HTML5","[Bằng chứng](Evidences/GUI-FORGOT-IA02-01.png)"
"GUI-FORGOT-IA02-02","Quên Mật Khẩu","IA-02","Biểu mẫu","Dấu bắt buộc","Nhãn trường email có ký hiệu * để chỉ trường bắt buộc","FR-22","Dấu * hiển thị bên cạnh nhãn email","AI","Fail","Nhãn hiển thị: ""Nhập Email của bạn""","Nhãn trường email thiếu ký hiệu dấu hoa thị * chỉ định trường bắt buộc","[Bằng chứng](Evidences/GUI-FORGOT-IA02-02.png)"
"GUI-FORGOT-IA02-03","Quên Mật Khẩu","IA-02","Biểu mẫu","Ô nhập mật khẩu","Trường mật khẩu mới sử dụng type=""password"" (ẩn ký tự)","FR-22","Ký tự được che dạng dấu chấm/bullet khi nhập","AI","Pass","Trường mật khẩu mới sử dụng type=""password"" che ký tự","",""
"GUI-FORGOT-IA02-04","Quên Mật Khẩu","IA-02","Biểu mẫu","Chỉ báo bước","Có chỉ báo bước trực quan hiển thị ""Bước 1/2"" hoặc ""Bước 2/2"" cho bước hiện tại","FR-03, FR-22","Chỉ báo bước (văn bản hoặc đồ họa tiến trình) hiển thị và cập nhật khi chuyển bước","AI","Fail","Không tìm thấy chỉ báo bước ""Bước 1/2""","Giao diện không cung cấp chỉ báo bước (Bước 1/2, Bước 2/2) cho người dùng","[Bằng chứng](Evidences/GUI-FORGOT-IA02-04.png)"
"GUI-FORGOT-IA02-05","Quên Mật Khẩu","IA-02","Biểu mẫu","Xác nhận mật khẩu","Bước 2 có trường ""Xác nhận mật khẩu mới"" phải khớp với mật khẩu mới","FR-03","Có ô nhập xác nhận mật khẩu riêng biệt hiển thị ở Bước 2","AI","Fail","Bước 2 chỉ có 2 ô nhập (Mã OTP + Mật khẩu mới)","Bước 2 thiếu ô nhập ""Xác nhận mật khẩu mới"" làm tăng nguy cơ nhập sai mật khẩu","[Bằng chứng](Evidences/GUI-FORGOT-IA02-05.png)"
"GUI-FORGOT-IA02-06","Quên Mật Khẩu","IA-02","Biểu mẫu","Nhãn OTP","Nhãn ô nhập OTP ghi đúng số chữ số theo đặc tả (6 chữ số)","FR-03","Nhãn ghi ""Mã OTP (6 số)"" hoặc tương đương; không ghi ""4 số""","AI","Fail","Nhãn hiển thị: ""Mã OTP (4 số)""","Nhãn ô nhập OTP ghi ""Mã OTP (4 số)"" sai so với đặc tả yêu cầu 6 chữ số (FR-03)","[Bằng chứng](Evidences/GUI-FORGOT-IA02-06.png)"
"GUI-FORGOT-IA02-07","Quên Mật Khẩu","IA-02","Biểu mẫu","Vị trí thông báo lỗi","Thông báo lỗi xác thực xuất hiện phía trên nút submit, không phải phía dưới","FR-22","Khi gửi dữ liệu không hợp lệ, thông báo lỗi hiển thị giữa các trường form và nút submit","AI","Fail","Bật popup alert: ""Lỗi: User not found""","Thông báo lỗi dùng window.alert thay vì hiển thị thông báo lỗi trên giao diện form","[Bằng chứng](Evidences/GUI-FORGOT-IA02-07.png)"
"GUI-FORGOT-IA02-08","Quên Mật Khẩu","IA-02","Biểu mẫu","Mật khẩu không khớp","Khi xác nhận mật khẩu không khớp mật khẩu mới, thông báo lỗi rõ ràng được hiển thị","FR-03","Thông báo lỗi nêu rõ hai trường mật khẩu không khớp nhau","AI","Fail","Không có ô nhập xác nhận mật khẩu ở Bước 2","Thiếu trường xác nhận mật khẩu để thực hiện và kiểm tra tính năng so sánh mật khẩu không khớp","[Bằng chứng](Evidences/GUI-FORGOT-IA02-08.png)"
"GUI-FORGOT-IA02-09","Quên Mật Khẩu","IA-02","Biểu mẫu","Liên kết nhãn","Nhấp vào nhãn văn bản sẽ focus vào ô nhập tương ứng","FR-22, heuristic","Nhấp vào ""Nhập Email của bạn"" sẽ focus ô nhập email (qua <label htmlFor> hoặc bọc ngoài)","AI","Fail","Nhấp vào nhãn không focus vào ô nhập email","Nhãn <label> thiếu thuộc tính htmlFor/id để liên kết với ô nhập","[Bằng chứng](Evidences/GUI-FORGOT-IA02-09.png)"
"GUI-FORGOT-IA02-10","Quên Mật Khẩu","IA-02","Biểu mẫu","Độ mạnh mật khẩu","Thông báo lỗi mật khẩu yếu liệt kê đúng yêu cầu: chữ hoa, chữ thường, chữ số, và ký tự đặc biệt (@$!%*?&)","FR-03, FR-01","Thông báo lỗi đề cập yêu cầu ký tự đặc biệt (không phải khoảng trắng)","AI","Fail","Nhập ""Test1234!"" bị báo lỗi: ""Mật khẩu quá yếu! Phải dài tối thiểu 8 ký tự, gồm chữ hoa, chữ thường, số và KÝ TỰ ĐẶC BIỆT.""","Thông báo lỗi độ mạnh mật khẩu yêu cầu KÝ TỰ ĐẶC BIỆT nhưng Regex trong code lại bắt buộc ký tự khoảng trắng (\s)","[Bằng chứng](Evidences/GUI-FORGOT-IA02-10.png)"
"GUI-FORGOT-IA03-01","Quên Mật Khẩu","IA-03","Điều hướng","Highlight thanh điều hướng","Thanh điều hướng header không highlight sai mục nào (vì Quên Mật Khẩu không nằm trong menu chính), hoặc highlight đúng nếu có","FR-23","Không có mục điều hướng nào bị highlight sai; trang hiện tại được phân biệt trực quan nếu có link","AI","Pass","Thanh điều hướng không bị highlight sai mục nào","",""
"GUI-FORGOT-IA03-02","Quên Mật Khẩu","IA-03","Điều hướng","Nhãn đăng xuất","Nếu người dùng đã đăng nhập, nút đăng xuất có nhãn ""Đăng xuất"" (không phải ""Thoát"")","FR-23","Nút hiển thị ""Đăng xuất""","AI","Pass","Không xuất hiện nút đăng xuất sai nhãn trên trang Quên Mật Khẩu","",""
"GUI-FORGOT-IA03-03","Quên Mật Khẩu","IA-03","Điều hướng","Quay lại đăng nhập (Bước 1)","Bước 1 cung cấp link hoặc nút để quay lại trang Đăng nhập","FR-03","Có link ""Quay lại đăng nhập"" hoặc tương đương điều hướng đến /login","AI","Pass","Có liên kết quay lại trang Đăng nhập","",""
"GUI-FORGOT-IA03-04","Quên Mật Khẩu","IA-03","Điều hướng","Nút quay lại (Bước 2)","Nút ""← Quay lại"" ở Bước 2 đưa người dùng về Bước 1 mà không mất giá trị email đã nhập","FR-03","Nhấn quay lại hiển thị form Bước 1; ô email giữ nguyên giá trị đã nhập trước đó","AI","Pass","Nút ""← Quay lại"" quay lại Bước 1 và giữ nguyên email ""admin@eshop.com""","",""
"GUI-FORGOT-IA03-05","Quên Mật Khẩu","IA-03","Điều hướng","Logo về trang chủ","Nhấn logo ""EShop"" trên header sẽ điều hướng về trang chủ /","FR-23, thành phần","Trình duyệt điều hướng đến / (trang chủ)","AI","Pass","Logo EShop trên header đưa về trang chủ /","",""
"GUI-FORGOT-IA04-01","Quên Mật Khẩu","IA-04","Phản hồi","Hiển thị OTP","Sau khi gửi email hợp lệ ở Bước 1, mã OTP được hiển thị trên màn hình (chế độ demo)","FR-03, FR-24","Banner xanh lá hoặc thông báo hiển thị giá trị OTP trên trang (không chỉ qua email)","AI","Pass","Mã OTP hiển thị rõ ràng trên banner thông báo xanh lá (chế độ demo)","",""
"GUI-FORGOT-IA04-02","Quên Mật Khẩu","IA-04","Trạng thái","Chuyển bước","Sau khi yêu cầu OTP thành công, giao diện chuyển từ form Bước 1 sang form Bước 2","FR-03, FR-24","Form Bước 1 được ẩn; form Bước 2 (OTP + mật khẩu mới) hiển thị","AI","Pass","Form chuyển thành công từ Bước 1 sang Bước 2","",""
"GUI-FORGOT-IA04-03","Quên Mật Khẩu","IA-04","Phản hồi","Chuyển hướng thành công","Sau khi đổi mật khẩu thành công, người dùng được chuyển đến trang Đăng nhập kèm thông báo thành công","FR-03","Điều hướng chuyển đến /login; có thông báo thành công (toast, banner, hoặc alert)","AI","Fail","URL hiện tại: http://localhost:5173/forgot-password","Không chuyển hướng về /login sau khi đổi mật khẩu thành công","[Bằng chứng](Evidences/GUI-FORGOT-IA04-03.png)"
"GUI-FORGOT-IA04-04","Quên Mật Khẩu","IA-04","Phản hồi","Thông báo lỗi","Khi gửi email chưa đăng ký hoặc OTP sai, thông báo lỗi rõ ràng hiển thị trên giao diện (không chỉ dùng window.alert)","FR-24, heuristic","Lỗi hiển thị trong giao diện trang, không phải hộp thoại alert gốc của trình duyệt","AI","Fail","Hiển thị alert gốc: ""Lỗi: User not found""","Hệ thống sử dụng hộp thoại window.alert gốc của trình duyệt để hiển thị thông báo lỗi thay vì banner giao diện","[Bằng chứng](Evidences/GUI-FORGOT-IA04-04.png)"
"GUI-FORGOT-IA04-05","Quên Mật Khẩu","IA-04","Trạng thái","Xóa trường mật khẩu","Sau khi đổi mật khẩu thành công, các trường mật khẩu và OTP được xóa sạch hoặc trang chuyển đi","FR-24, FR-03","Không còn dữ liệu nhạy cảm (OTP, mật khẩu) hiển thị trên màn hình sau khi thành công","AI","Fail","Vẫn ở trang đổi mật khẩu","Dữ liệu nhạy cảm chưa được xóa","[Bằng chứng](Evidences/GUI-FORGOT-IA04-05.png)"
"GUI-ORDERS-IA01-01","Quản lý Đơn hàng","IA-01","Hiển thị","Tiêu đề phần","""Quản lý Đơn hàng"" hiển thị rõ ràng và không phải <h1> trùng lặp (chỉ sidebar <h1> tồn tại)","FR-21","Đúng một <h1> (""EShop Admin"") tồn tại; tiêu đề phần dùng <h2>","AI","Pass","Chỉ có 1 thẻ <h1> (""EShop Admin"") ở sidebar; tiêu đề phần sử dụng <h2> (""Quản lý Đơn hàng"")","",""
"GUI-ORDERS-IA01-02","Quản lý Đơn hàng","IA-01","Hiển thị","Định dạng tiền tệ","Cột tổng tiền hiển thị giá với phân cách hàng nghìn và ký hiệu ₫","FR-21","Các giá trị như ""1.500.000 ₫"" có dấu phân cách và ký hiệu đồng","AI","Pass","Cột tổng tiền hiển thị giá có phân cách hàng nghìn và ký hiệu ₫ (30,000,000 ₫)","",""
"GUI-ORDERS-IA01-03","Quản lý Đơn hàng","IA-01","Hiển thị","Nhãn trạng thái tiếng Việt","Badge trạng thái đơn hàng hiển thị tiếng Việt: ""Chờ xác nhận"", ""Đã xác nhận"", ""Đang giao"", ""Đã giao"", ""Đã hủy""","FR-21, FR-11","Mỗi trạng thái hiển thị đúng nhãn tiếng Việt; không hiện tên tiếng Anh","AI","Pass","Badge trạng thái hiển thị đúng tiếng Việt (Đã giao, Đã giao, Đang giao, Đã xác nhận, Chờ xác nhận)","",""
"GUI-ORDERS-IA01-04","Quản lý Đơn hàng","IA-01","Trợ năng","Cấu trúc bảng","Bảng đơn hàng sử dụng đúng cấu trúc <table>, <thead>, <tbody> với ô tiêu đề trong <th>","FR-21, heuristic","Kiểm tra DOM xác nhận dùng đúng thẻ bảng ngữ nghĩa; trình đọc màn hình nhận diện được tiêu đề cột","AI","Pass","Bảng đơn hàng sử dụng cấu trúc ngữ nghĩa <table>, <thead>, <tbody>, <th>","",""
"GUI-ORDERS-IA01-05","Quản lý Đơn hàng","IA-01","Bảo mật","Hiển thị địa chỉ giao hàng","Địa chỉ giao hàng hiển thị dưới dạng văn bản thuần đã escape, không render HTML thô","FR-18, SEC-04","Khi chèn thẻ <script> hoặc <b> vào địa chỉ, chúng hiển thị dạng văn bản thuần, không thực thi/render HTML","AI","Fail","Cột địa chỉ chèn trực tiếp qua dangerouslySetInnerHTML: ""<b>123 XSS St</b><script>alert(1)</script>""","Cột địa chỉ giao hàng sử dụng dangerouslySetInnerHTML render HTML thô gây nguy cơ lỗ hổng XSS","[Bằng chứng](Evidences/GUI-ORDERS-IA01-05.png)"
"GUI-ORDERS-IA02-01","Quản lý Đơn hàng","IA-02","Biểu mẫu","Nút hành động là phần tử form","Các nút thay đổi trạng thái là thẻ <button> thực sự (không phải <div> hoặc <span>) để hỗ trợ bàn phím","FR-22, heuristic","Kiểm tra nút hành động xác nhận là thẻ <button>; có thể focus và kích hoạt bằng phím Enter","AI","Pass","Các nút hành động chuyển trạng thái đều là thẻ <button> chuẩn HTML","",""
"GUI-ORDERS-IA02-02","Quản lý Đơn hàng","IA-02","Biểu mẫu","Trạng thái vô hiệu cho đơn kết thúc","Đơn hàng ở trạng thái kết thúc ""Đã giao"" hoặc ""Đã hủy"" không hiển thị nút thay đổi trạng thái","FR-10, FR-22","Không có nút ""Xác nhận"", ""Giao hàng"", ""Hoàn thành"", hoặc ""Hủy"" cho đơn đã giao/đã hủy","AI","Pass","Đơn hàng kết thúc không hiển thị nút hành động","",""
"GUI-ORDERS-IA03-01","Quản lý Đơn hàng","IA-03","Điều hướng","Tab sidebar đang chọn","Mục ""Đơn hàng"" trên sidebar được highlight (ví dụ: màu chữ khác) khi tab đơn hàng đang hoạt động","FR-23","Mục ""Đơn hàng"" có kiểu dáng riêng biệt (ví dụ: text-blue-400) so với các mục sidebar khác","AI","Pass","Mục ""Đơn hàng"" trên sidebar được highlight (text-blue-400) khi tab active","",""
"GUI-ORDERS-IA03-02","Quản lý Đơn hàng","IA-03","Điều hướng","Nhãn đăng xuất","Mục đăng xuất trên sidebar có nhãn ""Đăng xuất"" (không phải ""Thoát"" hay tiếng Anh ""Logout"")","FR-23","Nhãn đăng xuất ghi ""Đăng xuất"" trên sidebar","AI","Pass","Mục đăng xuất trên sidebar có nhãn chính xác ""Đăng xuất""","",""
"GUI-ORDERS-IA03-03","Quản lý Đơn hàng","IA-03","Điều hướng","Chuyển tab","Nhấn bất kỳ mục sidebar nào khác (Dashboard, Danh mục, Sản phẩm, v.v.) sẽ chuyển khỏi trang đơn hàng mà không mất dữ liệu hoặc lỗi","FR-23, heuristic","Vùng nội dung cập nhật sang tab đã chọn; không có lỗi console; quay lại đơn hàng hiển thị dữ liệu mới","AI","Pass","Chuyển tab mượt mà sang Dashboard và quay lại tab Đơn hàng đầy đủ dữ liệu","",""
"GUI-ORDERS-IA03-04","Quản lý Đơn hàng","IA-03","Điều hướng","Deep link / URL","Tải trực tiếp URL hoặc làm mới trang khi đang ở tab đơn hàng vẫn giữ nguyên giao diện (hoặc hiện form đăng nhập nếu hết phiên)","FR-23, thành phần","Sau khi làm mới trình duyệt, nội dung tab đơn hàng hiển thị (hoặc form đăng nhập admin nếu token hết hạn)","AI","Pass","Làm mới trang giữ nguyên phiên làm việc và giao diện Admin","",""
"GUI-ORDERS-IA04-01","Quản lý Đơn hàng","IA-04","Trạng thái","Chỉ báo đang tải","Trong khi đang lấy dữ liệu đơn hàng từ API, hiển thị spinner hoặc skeleton loading","FR-24","Có chỉ báo loading trực quan giữa lúc render trang và hiển thị dữ liệu; bảng không bị chớp từ trống sang có dữ liệu","AI","Fail","Không có spinner hoặc skeleton loading khi đang tải dữ liệu đơn hàng","Thiếu chỉ báo loading (spinner/skeleton) trong quá trình tải dữ liệu đơn hàng từ API","[Bằng chứng](Evidences/GUI-ORDERS-IA04-01.png)"
"GUI-ORDERS-IA04-02","Quản lý Đơn hàng","IA-04","Trạng thái","Trạng thái trống","Khi không có đơn hàng nào, hiển thị thông báo trạng thái trống (và tùy chọn hình minh họa) thay vì bảng rỗng","FR-24","Thông báo như ""Chưa có đơn hàng"" xuất hiện; chỉ hiện header bảng trống không có dòng nào là không chấp nhận được","AI","Fail","Giao diện không có container thông báo ""Chưa có đơn hàng"" khi danh sách trống","Thiếu container thông báo trạng thái trống ""Chưa có đơn hàng"" khi không có đơn hàng nào","[Bằng chứng](Evidences/GUI-ORDERS-IA04-02.png)"
"GUI-ORDERS-IA04-03","Quản lý Đơn hàng","IA-04","Phản hồi","Phân biệt màu trạng thái","Mỗi badge trạng thái đơn hàng sử dụng màu riêng biệt, phù hợp ngữ nghĩa (ví dụ: đỏ cho đã hủy, xanh lá cho đã giao)","FR-24, FR-11","pending = vàng, confirmed = tím/xanh dương, shipping = xanh dương, delivered = xanh lá, canceled = đỏ","AI","Pass","Mỗi badge trạng thái đơn hàng sử dụng màu sắc phân biệt phù hợp ngữ nghĩa (vàng, tím, xanh, đỏ)","",""
"GUI-ORDERS-IA04-04","Quản lý Đơn hàng","IA-04","Phản hồi","Chặn chuyển Đã hủy → Đã giao","Đơn hàng ở trạng thái ""Đã hủy"" (canceled) KHÔNG hiển thị nút ""Đánh dấu Đã giao"" — đã hủy là trạng thái kết thúc","FR-10, FR-24","Không có nút hành động nào hiển thị cho đơn đã hủy; không thể thực hiện chuyển trạng thái qua giao diện","AI","Pass","Không cho phép chuyển trạng thái từ Đã hủy sang Đã giao","",""
"GUI-ORDERS-IA04-05","Quản lý Đơn hàng","IA-04","Phản hồi","Xác nhận trước khi chuyển trạng thái","Nhấn nút thay đổi trạng thái (ví dụ: ""Hủy"", ""Hoàn thành"") hiển thị hộp thoại xác nhận trước khi thực hiện","FR-10, FR-24","Hộp thoại xác nhận xuất hiện với trạng thái đích; hành động chỉ được thực hiện sau khi người dùng xác nhận","AI","Fail","Trạng thái thay đổi lập tức mà không có hộp thoại xác nhận","Thực hiện chuyển trạng thái ngay lập tức khi click nút mà không hiển thị hộp thoại xác nhận (window.confirm hoặc modal)","[Bằng chứng](Evidences/GUI-ORDERS-IA04-05.png)"
"GUI-ORDERS-IA04-06","Quản lý Đơn hàng","IA-04","Phản hồi","Phản hồi thành công","Sau khi thay đổi trạng thái thành công, dòng trong bảng cập nhật trạng thái mới mà không cần tải lại trang","FR-24, heuristic","Badge trạng thái và các nút hành động khả dụng cập nhật ngay sau khi xác nhận","AI","Pass","Dòng đơn hàng cập nhật badge trạng thái mới trên giao diện không cần tải lại trang","",""
"GUI-ORDERS-IA04-07","Quản lý Đơn hàng","IA-04","Phản hồi","Phản hồi lỗi","Khi thay đổi trạng thái thất bại (ví dụ: chuyển trạng thái không hợp lệ bị API từ chối), thông báo lỗi rõ ràng được hiển thị","FR-24, heuristic","Thông báo lỗi hiển thị lý do (ví dụ: ""Không thể chuyển trạng thái""); không bị thất bại im lặng","AI","Fail","Báo lỗi API bằng window.alert thay vì banner UI","Khi thay đổi trạng thái thất bại, hệ thống hiển thị window.alert thay vì thông báo lỗi trên UI","[Bằng chứng](Evidences/GUI-ORDERS-IA04-07.png)"